,City Name,Cloudiness (%),Country Code,Humidity (%),Latitude,Longitude,Temperature (F),Wind Speed (MPH)
1,khatima,0,in,83,28.92,79.97,55.68,2.71
2,seoul,80,kr,89,37.57,126.98,36.15,2.59
3,aasiaat,36,gl,100,68.71,-52.87,8.84,10.76
4,torbay,88,ca,95,47.66,-52.73,31.38,22.84
6,loja,64,es,98,37.17,-4.15,45.65,4.16
7,castro,32,cl,87,-42.48,-73.76,59.01,2.82
8,narsaq,0,gl,24,60.91,-46.05,-17.27,1.36
10,albany,24,au,91,-35.02,117.88,61.04,4.61
11,port alfred,76,za,92,-33.59,26.89,65.76,6.73
13,bluff,0,nz,95,-46.6,168.33,61.44,3.38
14,puerto ayora,20,ec,66,-0.74,-90.35,84.2,8.05
15,qaanaaq,64,gl,88,77.48,-69.36,8.12,10.2
16,ahipara,8,nz,67,-35.17,173.16,77.24,16.24
17,punta arenas,88,cl,84,-53.16,-70.91,51.99,15.35
18,shingu,64,jp,100,33.72,135.99,55.68,6.73
19,bethel,20,us,78,60.79,-161.76,15.8,23.04
20,yellowknife,44,ca,78,62.45,-114.38,8.3,8.3
21,itaituba,32,br,92,-4.26,-55.99,78.09,0.81
22,matay,0,eg,71,28.42,30.79,47,2.59
23,carlton,8,gb,74,53.74,-1.49,25.53,9.86
24,chokurdakh,48,ru,84,70.62,147.9,-19.11,7.07
25,sola,76,vu,97,-13.88,167.55,83.58,8.41
26,anadyr,0,ru,91,64.73,177.51,1.5,9.86
27,arraial do cabo,80,br,97,-22.97,-42.02,77.24,4.72
28,nanakuli,75,us,61,21.39,-158.15,79.25,8.05
29,khatanga,20,ru,67,71.98,102.47,-22.76,18.25
31,sobolevo,44,ru,71,54.43,31.9,-1.97,17.13
32,upernavik,80,gl,89,72.79,-56.15,13.79,11.21
33,ushuaia,92,ar,100,-54.81,-68.31,42.14,11.43
35,tokur,0,ru,50,53.13,132.9,-10.61,2.59
36,avarua,100,ck,100,-21.21,-159.78,80.39,7.4
37,kruisfontein,0,za,100,-34,24.73,62.57,2.93
38,provideniya,0,ru,100,64.42,-173.23,18.6,5.95
40,rikitea,80,pf,100,-23.12,-134.97,80.97,13.78
41,alta floresta,36,br,91,-9.87,-56.08,75.44,2.37
42,severo-kurilsk,48,ru,100,50.68,156.12,24.95,9.31
43,roebourne,0,au,50,-20.77,117.15,81.51,4.94
44,hilo,90,us,57,19.71,-155.08,70.59,14.99
45,balkhash,92,kz,92,46.84,74.98,34.04,14
46,ancud,32,cl,80,-41.87,-73.83,61.44,2.71
47,cape town,0,za,92,-33.93,18.42,62.75,16.24
48,mitsamiouli,0,km,100,-11.38,43.28,81.33,4.94
49,okha,56,ru,89,53.59,142.95,6.36,9.98
50,busselton,0,au,100,-33.64,115.35,61.35,11.99
52,saint george,75,bm,63,32.38,-64.68,64.4,20.8
53,saint-joseph,0,re,78,-21.37,55.62,77,5.82
54,oranjestad,40,aw,78,12.52,-70.03,78.8,12.75
55,qaqortoq,0,gl,100,60.72,-46.03,18.69,4.27
56,nizhniy odes,76,ru,80,63.64,54.86,6.81,5.17
57,kloulklubed,90,pw,74,7.04,134.26,84.2,6.93
58,esperance,8,au,73,-33.86,121.89,64.23,4.5
61,broome,75,au,100,-17.97,122.23,71.6,2.24
62,kapaa,90,us,73,22.08,-159.32,74.23,19.46
63,vaini,88,to,100,-21.2,-175.2,82.37,9.98
64,leshukonskoye,80,ru,65,64.9,45.76,3.75,4.83
65,ponto novo,48,br,44,-10.86,-40.13,80.34,8.75
66,srednekolymsk,92,ru,70,67.46,153.71,-5.34,3.38
67,divnomorskoye,92,ru,100,44.5,38.13,42.72,9.98
68,porteirinha,8,br,87,-15.74,-43.03,71.43,2.37
69,saint-philippe,0,re,78,-21.36,55.77,77,5.82
70,east london,0,za,100,-33.02,27.91,69.36,9.75
71,thompson,0,ca,76,55.74,-97.86,19.19,7.96
73,new norfolk,76,au,71,-42.78,147.06,67.56,6.96
74,jeremie,0,ht,96,18.65,-74.12,75.84,10.98
75,barrow,1,us,33,39.51,-90.4,63.84,16.11
77,auki,32,sb,96,-8.77,160.7,84.62,3.15
78,hermanus,0,za,96,-34.42,19.24,51,3.71
79,lucapa,92,ao,100,-8.42,20.74,67.74,3.94
80,tuktoyaktuk,44,ca,81,69.44,-133.03,-1.83,10.65
81,sinazongwe,92,zm,100,-17.26,27.46,71.07,1.59
82,verkhoyansk,76,ru,59,67.55,133.39,-20.87,3.49
83,korla,76,cn,85,41.76,86.15,26.43,2.93
86,acacias,32,co,83,5.51,-74.29,69.14,1.81
87,husavik,24,is,96,66.04,-17.34,33.45,4.94
88,hobart,64,au,68,-42.88,147.33,68.28,4.61
89,bobrovka,44,ru,79,52.3,45.54,-4.35,9.31
90,sandy bay,20,hn,69,16.33,-86.56,80.6,13.87
91,faro,92,pt,100,37.02,-7.94,56.49,16.46
92,beringovskiy,0,ru,100,63.05,179.32,9.29,7.29
93,parangan,88,ph,100,5.08,119.94,82.55,5.06
94,teguldet,36,ru,59,57.31,88.17,-12.36,2.48
95,wentzville,90,us,25,38.81,-90.85,64.81,11.41
96,kodiak,1,us,52,39.95,-94.76,66.2,18.34
97,harper,64,lr,94,4.38,-7.71,82.19,8.97
98,letterkenny,80,ie,100,54.95,-7.73,35.97,21.27
99,zapolyarnyy,20,ru,83,69.43,30.82,11.72,6.17
100,rossland,88,ca,75,49.08,-117.8,26.79,1.92
101,maragogi,92,br,91,-9.01,-35.22,78.32,8.3
103,oistins,20,bb,73,13.07,-59.53,75.2,9.17
104,victoria,92,sc,83,-4.62,55.45,80.6,2.24
105,tuatapere,0,nz,86,-46.13,167.69,64.41,3.71
106,nantucket,1,us,97,41.28,-70.1,40.28,11.41
107,dwarka,12,in,91,28.58,77.04,61.26,3.15
108,bredasdorp,0,za,82,-34.53,20.04,59,2.24
109,tasiilaq,0,gl,90,65.61,-37.64,20.09,4.72
110,chuy,12,uy,83,-33.69,-53.46,67.92,7.74
111,mahebourg,40,mu,78,-20.41,57.7,80.6,8.05
112,oktyabrskiy,44,ru,76,55.61,37.97,-6.87,8.63
113,coquimbo,8,cl,100,-29.95,-71.34,63.47,4.94
114,chimoio,90,mz,100,-19.11,33.48,69.8,9.17
116,huarmey,32,pe,60,-10.07,-78.15,70.26,3.27
119,sao gabriel da cachoeira,0,br,83,-0.13,-67.09,77.28,3.15
120,iquitos,75,pe,70,-3.75,-73.25,86,1.12
122,lebu,0,cl,92,-37.62,-73.65,59.28,17.69
123,lompoc,1,us,30,34.64,-120.46,55.99,12.75
125,mar del plata,12,ar,80,-46.43,-67.52,62.43,6.85
127,paita,0,pe,61,-5.09,-81.11,80.6,13.87
128,kingaroy,56,au,83,-26.54,151.84,72.96,10.76
129,pisco,0,pe,73,-13.71,-76.2,75.2,21.92
131,homer,1,us,40,59.64,-151.54,31.91,10.29
132,lorengau,92,pg,100,-2.02,147.27,81.92,2.37
133,jamestown,80,sh,100,-15.94,-5.72,73.68,13.67
134,eureka,1,us,46,40.8,-124.16,51.93,9.17
135,kozhva,80,ru,85,65.11,57.05,11.31,6.17
137,santa cruz,0,cr,43,10.26,-85.58,87.8,19.46
138,tilichiki,8,ru,75,60.47,166.1,-3.18,3.71
139,plettenberg bay,0,za,100,-34.05,23.37,66.21,1.59
140,yeppoon,92,au,95,-23.13,150.74,78.18,13.22
141,alofi,68,nu,96,-19.06,-169.92,82.95,9.19
142,preobrazheniye,0,ru,59,42.9,133.91,12.17,2.93
143,kourou,0,gf,78,5.16,-52.64,77,1.12
144,pandan,64,ph,100,11.72,122.09,80.3,15.79
145,umm kaddadah,0,sd,44,13.6,26.69,71.12,3.27
146,hasaki,48,jp,100,35.73,140.83,48.8,18.92
147,faanui,76,pf,100,-16.48,-151.75,81.87,13.67
148,saldanha,0,za,89,-33.01,17.94,59.37,15.46
149,medicine hat,68,ca,85,50.04,-110.68,28.32,10.31
150,litovko,0,ru,65,49.24,135.18,-0.12,2.82
152,atuona,92,pf,100,-9.8,-139.03,81.02,13.33
153,aykhal,56,ru,36,65.95,111.51,-25.19,2.82
154,cidreira,44,br,88,-30.17,-50.22,72.06,6.62
155,arvika,48,se,61,59.65,12.59,10.59,8.86
156,pangnirtung,80,ca,75,66.15,-65.72,24.72,17.92
157,hamilton,75,bm,63,32.3,-64.78,64.4,20.8
159,butaritari,100,ki,97,3.07,172.79,83.94,17.47
160,salalah,8,om,100,17.01,54.1,70.26,2.37
162,saint-augustin,88,ca,73,45.63,-73.98,39.84,14
163,kahului,40,us,54,20.89,-156.47,76.24,19.46
164,ahuimanu,90,us,69,21.44,-157.84,79.27,13.87
165,pecos,12,us,16,31.42,-103.49,75.03,7.4
167,karratha,0,au,50,-20.74,116.85,81.51,4.94
168,kavaratti,0,in,100,10.57,72.64,83.4,3.04
169,ust-tsilma,80,ru,85,65.44,52.15,14.6,5.73
170,komsomolskiy,88,ru,77,67.55,63.78,-3.54,12.88
171,cabo san lucas,90,mx,68,22.89,-109.91,71.01,18.34
172,fuerte olimpo,20,py,78,-21.04,-57.87,81.29,5.39
173,carnarvon,0,au,83,-24.87,113.63,78.32,18.37
174,nome,0,us,90,30.04,-94.42,70.89,13.44
175,tuljapur,0,in,49,18.01,76.07,65.76,7.4
176,berberati,48,cf,92,4.26,15.79,69.95,6.17
177,brae,80,gb,100,60.4,-1.35,35.39,23.85
178,beloha,88,mg,83,-25.17,45.06,74.13,8.75
179,huaiyuan,48,cn,99,32.97,117.2,48.12,7.74
180,norman wells,24,ca,78,65.28,-126.83,3.84,4.38
181,port hardy,92,ca,100,50.7,-127.42,37.64,5.39
182,goiatuba,64,br,96,-18.02,-49.36,70.08,4.72
183,freeport,1,us,62,42.3,-89.62,55.51,8.05
184,sao jose da coroa grande,92,br,91,-8.9,-35.15,78.32,8.3
185,dingle,0,ie,100,52.14,-10.27,35.57,22.5
186,woodward,88,us,69,36.43,-99.39,57.8,14.67
187,portland,0,au,67,-33.35,149.98,70.08,2.93
191,cap malheureux,40,mu,78,-19.98,57.61,80.6,8.05
192,wyndham,0,nz,80,-46.33,168.85,68.37,4.61
193,kavieng,68,pg,100,-2.57,150.8,82.68,6.17
194,senneterre,68,ca,85,48.39,-77.24,32.91,4.83
195,san carlos de bariloche,0,ar,47,-41.13,-71.31,59.55,1.7
196,kaitangata,0,nz,86,-46.28,169.85,65.27,4.38
197,georgetown,76,sh,100,-7.93,-14.42,78.45,12.44
198,wagar,0,sd,52,16.15,36.2,73.32,9.19
199,muroto,56,jp,100,33.37,134.14,50.15,5.17
200,chapais,90,ca,92,49.78,-74.86,30.2,4.7
201,qiongshan,68,cn,96,20.01,110.35,68.42,4.38
202,anchorage,1,us,57,61.22,-149.89,22.06,2.59
203,fairbanks,90,us,92,64.84,-147.72,15.15,6.93
204,kandrian,76,pg,89,-6.21,149.55,82.77,2.15
205,alyangula,0,au,96,-13.85,136.42,86.15,7.74
206,ribeira grande,56,pt,100,38.52,-28.7,57.21,10.65
207,liwale,92,tz,97,-9.8,37.92,72.42,2.82
208,licata,0,it,100,37.11,13.95,41.46,7.74
209,mangan,0,in,54,27.5,88.54,10.86,1.59
210,souillac,40,mu,78,-20.52,57.52,80.6,8.05
212,sao joao da barra,0,br,83,-21.64,-41.05,78.8,4.7
213,gornopravdinsk,80,ru,63,60.06,69.92,-13.31,3.15
214,tengzhou,80,cn,95,35.11,117.16,42.32,6.17
216,muros,100,es,100,42.77,-9.06,43.04,15.01
217,port elizabeth,40,za,82,-33.92,25.57,62.6,8.05
218,verkhnyaya inta,80,ru,77,65.99,60.32,5.24,5.73
219,saint-pierre,76,pm,99,46.77,-56.17,32.69,28.88
220,san cristobal,92,ec,100,-1.02,-79.44,62.07,2.04
222,akcakoca,32,tr,83,41.09,31.12,31.34,2.59
223,bandarbeyla,92,so,100,9.49,50.81,76.07,7.96
224,unai,56,br,93,-16.36,-46.91,68.73,2.71
225,biltine,0,td,46,14.53,20.93,67.47,5.28
226,port lincoln,0,au,79,-34.72,135.86,68.55,20.04
227,nikolsk,48,ru,76,59.53,45.45,0.15,7.18
228,ilulissat,24,gl,100,69.22,-51.1,-17.13,2.71
229,valparaiso,0,cl,83,-33.04,-71.63,61.22,2.71
230,champerico,40,gt,43,14.3,-91.92,87.8,9.17
231,naze,88,jp,98,28.37,129.48,66.39,18.03
232,palatka,12,ru,56,60.1,150.94,-6.51,2.59
233,hobyo,92,so,87,5.35,48.53,77.01,12.33
234,san patricio,20,mx,74,19.22,-104.7,84.2,11.41
235,richards bay,0,za,92,-28.77,32.06,67.2,6.62
236,aklavik,24,ca,72,68.22,-135.01,0.65,7.96
237,petit goave,76,ht,100,18.43,-72.87,72.47,1.7
238,riihimaki,0,fi,63,60.74,24.78,-2.73,6.06
239,nabire,0,id,79,-3.36,135.5,76.56,1.7
240,margate,0,za,90,-30.86,30.37,71.75,7.96
241,iqaluit,88,ca,86,63.75,-68.52,13.65,6.73
242,wicklow,0,ie,72,53,-6.42,29,10.54
243,chitral,32,pk,81,35.85,71.79,15.05,0.92
244,wanning,100,cn,100,18.8,110.4,72.65,3.49
245,ponta do sol,44,cv,100,17.2,-25.09,69.14,14
246,klaksvik,20,fo,99,62.23,-6.59,40.7,19.48
248,bathsheba,20,bb,73,13.22,-59.52,75.2,9.17
249,saskylakh,8,ru,49,71.97,114.09,-29.91,10.2
250,soe,8,id,90,-9.86,124.28,74.54,1.14
251,haines junction,80,ca,77,60.75,-137.51,13.07,2.37
253,tiksi,44,ru,45,71.64,128.87,-28.52,3.27
254,bilma,0,ne,20,18.69,12.92,69.14,10.76
255,san miguel,20,pa,58,8.54,-82.75,86,6.93
256,luocheng,32,cn,88,28.29,114.55,54.24,7.96
257,magistralnyy,48,ru,78,56.17,107.45,-4.94,3.38
258,umm lajj,0,sa,99,25.02,37.27,63.51,6.06
259,ust-ilimsk,56,ru,70,57.96,102.73,-10.29,2.71
260,kiunga,92,pg,94,-6.12,141.3,76.38,2.71
261,vila franca do campo,76,pt,100,37.72,-25.43,57.48,7.63
262,linxia,0,cn,44,35.6,103.21,10.64,2.37
263,camacha,100,pt,95,33.08,-16.33,64.14,32.23
264,santa rosa,24,ar,63,-36.62,-64.29,74.94,10.31
265,gladstone,80,au,99,-23.84,151.26,77.19,12.21
266,betanzos,92,es,100,43.28,-8.21,36.06,9.75
267,owando,24,cg,93,-0.49,15.91,70.44,2.15
268,cairns,8,au,99,-16.92,145.77,83.27,2.59
269,chute-aux-outardes,0,ca,82,49.12,-68.38,19.05,3.15
270,ranong,0,th,100,9.96,98.62,79.53,8.75
271,hithadhoo,80,mv,100,-0.6,73.08,83.45,6.85
272,saint-paul,24,re,83,-21.01,55.27,77,10.29
273,tura,36,ru,62,64.27,100.22,-21.99,2.37
274,parkes,8,au,52,-33.14,148.18,78.77,10.42
275,ostrovnoy,44,ru,80,68.05,39.51,8.75,16.02
276,waipawa,56,nz,66,-39.94,176.59,69.72,13.44
277,khasan,8,ru,100,42.43,130.64,21.21,4.72
278,arman,0,ru,65,59.7,150.17,-4.8,2.59
279,arlit,0,ne,29,18.74,7.39,64.64,7.85
280,marawi,0,sd,32,18.48,31.82,68.01,10.09
282,pochutla,20,mx,96,15.74,-96.47,83.19,9.86
283,batagay-alyta,36,ru,32,67.8,130.41,-23.52,2.71
284,rio grande,88,br,94,-32.03,-52.1,72.87,8.63
285,leningradskiy,76,ru,90,69.38,178.42,9.78,33.91
286,poum,36,nc,100,-20.23,164.02,82.59,5.95
287,alpena,1,us,56,45.06,-83.43,46.67,4.7
288,verkhnyaya toyma,20,ru,75,62.24,45,-2.82,5.39
289,juegang,92,cn,92,32.31,121.18,50.87,6.62
290,anshun,80,cn,98,26.25,105.93,48.57,6.17
291,bridlington,12,gb,100,54.08,-0.19,33.5,25.3
292,kariba,80,zw,96,-16.53,28.78,72.96,4.16
293,vila do maio,32,cv,100,15.13,-23.22,68.01,4.94
294,sayville,1,us,52,40.74,-73.08,46.4,6.93
295,henties bay,0,na,100,-22.12,14.28,59.37,3.6
298,port-cartier,0,ca,88,50.03,-66.88,24.63,6.73
299,bintulu,80,my,100,3.17,113.03,75.93,3.04
300,porto novo,0,cv,100,17.02,-25.06,67.79,10.65
301,cherskiy,56,ru,87,68.75,161.3,-5.97,3.04
302,dikson,76,ru,100,73.51,80.55,11,30.56
303,kalmunai,80,lk,100,7.42,81.82,73.86,3.94
304,pitea,0,se,90,65.32,21.48,2.45,4.61
305,mpanda,68,tz,100,-6.34,31.07,63.65,3.71
306,suslovo,24,ru,65,56.22,88.12,-14.25,2.37
307,kathmandu,56,np,84,27.71,85.32,58.34,1.7
308,sita road,0,pk,78,27.03,67.85,68.69,4.61
309,karur,0,in,92,10.96,78.08,65.45,2.59
310,bud,0,no,100,62.91,6.91,20.54,11.54
311,byron bay,68,au,100,-28.65,153.62,75.03,5.39
312,policoro,0,it,100,40.21,16.68,32.91,18.03
313,la peca,36,pe,100,-5.61,-78.44,66.44,1.7
314,mikun,68,ru,74,62.35,50.08,6.27,9.64
315,manggar,8,id,100,-2.88,108.27,76.7,3.04
316,samarai,0,pg,100,-10.62,150.67,84.12,4.05
317,adrar,0,dz,51,27.87,-0.29,51.72,2.71
318,bauchi,92,ng,27,10.31,9.85,86.15,7.52
319,farafangana,20,mg,100,-22.82,47.83,77.19,2.48
320,valvedditturai,0,lk,96,9.82,80.17,79.8,11.65
322,mandurah,0,au,97,-32.55,115.7,63.29,17.47
323,kirakira,56,sb,100,-10.46,161.92,81.6,1.36
324,blagoveshchenka,80,ru,90,52.83,79.87,3.89,15.01
325,mahuva,0,in,89,21.09,71.76,79.49,8.3
326,jieshi,92,cn,100,22.82,115.83,62.16,5.61
328,yulara,32,au,33,-25.24,130.99,84.48,18.7
329,pacific grove,1,us,34,36.62,-121.92,54.95,5.82
330,tarauaca,24,br,61,-8.16,-70.77,82.19,5.06
332,atherton,0,au,97,-17.27,145.48,79.49,4.72
333,longyearbyen,0,sj,77,78.22,15.64,15.9,4.72
334,talnakh,48,ru,43,69.49,88.39,-27.66,7.07
335,santa marta,20,co,54,11.24,-74.21,82.4,11.41
336,grindavik,92,is,93,63.84,-22.43,43.44,10.76
338,cayenne,0,gf,78,4.94,-52.33,77,1.12
339,ruteng,8,id,94,-8.61,120.46,74.99,3.6
340,broken hill,20,au,40,-31.97,141.45,79.26,14.67
341,ystad,76,se,100,55.43,13.82,26.3,23.85
342,nardaran,8,az,99,40.56,50.01,44.43,15.79
343,corning,8,us,42,42.14,-77.05,44.12,6.06
344,ossora,68,ru,100,59.24,163.07,7.26,6.62
345,along,32,in,82,28.17,94.8,50.46,2.04
346,isangel,88,vu,100,-19.55,169.27,82.23,5.5
347,lagoa,100,pt,98,37.14,-8.45,57.39,15.35
348,kaeo,8,nz,58,-35.1,173.78,77.46,16.8
349,vila velha,0,br,78,-3.71,-38.6,82.4,8.05
350,maniitsoq,12,gl,71,65.42,-52.9,1.64,8.75
351,olovyannaya,48,ru,71,50.94,115.59,-0.44,3.15
352,luganville,0,vu,99,-15.51,167.18,84.48,7.74
354,hammerfest,92,no,97,70.66,23.68,36.87,36.04
355,tessalit,0,ml,50,20.2,1.01,61.85,3.6
356,takapau,56,nz,66,-40.02,176.35,69.72,13.44
357,necochea,64,ar,83,-38.55,-58.74,68.19,2.37
358,turayf,0,sa,79,31.68,38.65,32.01,2.93
359,rjukan,44,no,75,59.88,8.59,-2.1,9.64
360,sarangani,24,ph,99,5.4,125.46,82.5,10.65
361,beatrice,0,us,47,40.27,-96.75,54.65,7.07
363,solnechnyy,36,ru,78,50.72,136.64,2.04,3.04
364,borogontsy,36,ru,33,62.67,131.17,-22.8,0.25
366,brooks,56,ca,81,50.57,-111.89,30.84,8.41
367,brainerd,1,us,40,46.36,-94.2,38.3,5.82
368,mabaruma,0,gy,84,8.2,-59.78,76.25,5.61
369,pincher creek,8,ca,51,49.49,-113.95,23.15,8.86
370,blackwater,64,au,97,-23.58,148.88,78.45,12.44
371,price,56,us,66,39.6,-110.81,30.8,2.37
372,bubaque,0,gw,100,11.28,-15.83,74.72,15.9
375,ulaangom,8,mn,62,49.98,92.07,-11.96,0.58
376,awbari,0,ly,37,26.59,12.77,54.6,7.85
377,suchitoto,0,sv,58,13.94,-89.03,85.5,5.82
378,sitrah,0,bh,100,26.15,50.62,65.85,10.2
379,langley park,1,us,27,38.99,-76.98,51.24,5.82
380,yerbogachen,56,ru,69,61.28,108.01,-16.05,2.82
381,marsh harbour,44,bs,100,26.54,-77.06,73.59,10.42
382,touros,88,br,88,-5.2,-35.46,79.8,12.88
383,mandalay,0,mm,83,21.98,96.08,60.99,2.71
384,eyl,92,so,100,7.98,49.82,73.5,10.42
385,vesele,0,ua,87,47.02,34.92,18.96,9.42
386,umba,24,ru,84,66.69,34.34,6.27,10.87
387,two rivers,36,us,85,44.15,-87.57,39.12,1.7
388,chunskiy,48,ru,77,56.08,99.63,-4.22,2.93
390,juneau,90,us,69,58.3,-134.42,35.6,6.93
391,hirado,80,jp,100,33.32,129.49,52.71,13.11
392,karpathos,36,gr,96,35.51,27.21,61.08,21.5
393,perleberg,0,de,74,53.08,11.86,8.52,11.43
394,prince rupert,90,ca,93,54.32,-130.32,35.6,4.7
395,half moon bay,20,us,32,37.46,-122.43,56.21,6.93
397,egvekinot,0,ru,58,66.32,-179.17,-2.46,1.7
398,coihaique,0,cl,44,-45.58,-72.07,57.89,4.72
399,maraa,64,br,89,-1.83,-65.37,78.14,3.38
400,mulchen,8,cl,71,-37.72,-72.23,65.54,2.82
402,sirjan,24,ir,79,29.44,55.67,35.75,5.17
404,teeli,0,ru,45,51.01,90.2,-11.37,2.04
405,puerto del rosario,12,es,91,28.5,-13.86,63.24,25.86
406,nueva gerona,0,cu,83,21.88,-82.8,77.69,7.4
408,yarmouth,36,ca,91,43.84,-66.12,37.41,13.22
409,tobolsk,80,ru,74,58.2,68.25,0.69,7.18
410,vaitape,80,pf,96,-16.52,-151.75,83.4,11.21
411,rosendal,0,no,100,59.99,6.01,7.71,5.61
412,praia,32,cv,100,14.92,-23.51,68.01,4.94
413,nhulunbuy,64,au,100,-12.18,136.78,84.48,4.05
414,caravelas,0,br,100,-17.73,-39.27,81.47,15.01
415,pueblo,1,us,6,38.25,-104.61,59.45,16.11
416,jiangyou,0,cn,87,31.78,104.73,36.47,3.49
417,mackay,56,au,100,-21.15,149.2,79.94,10.42
418,sciacca,0,it,86,37.51,13.08,29.99,2.15
419,bonthe,12,sl,83,7.53,-12.5,76.02,4.38
420,rocha,0,uy,67,-34.48,-54.34,67.79,8.97
422,pimenta bueno,12,br,95,-11.68,-61.19,71.34,2.15
423,gemena,44,cd,97,3.25,19.78,70.26,3.04
424,matara,44,lk,100,5.95,80.54,75.66,5.28
425,porirua,92,nz,100,-41.14,174.84,60.18,0.81
426,guerrero negro,92,mx,80,27.97,-114.04,59.6,13.89
427,sasaram,0,in,72,24.95,84.01,63.92,2.93
428,namibe,56,ao,100,-15.19,12.15,75.93,11.21
429,marathon,8,us,49,42.44,-76.03,42.9,5.17
431,leh,80,in,76,34.16,77.58,1.95,1.7
434,meulaboh,36,id,100,4.14,96.13,77.37,4.16
436,manuk mangkaw,88,ph,100,4.8,119.85,82.55,5.06
437,nanortalik,0,gl,100,60.14,-45.24,23.6,20.94
438,banepa,48,np,91,27.63,85.52,54.69,1.48
439,corpus christi,36,py,94,-24.08,-54.94,72.29,2.71
441,imeni poliny osipenko,56,ru,83,52.42,136.49,3.21,5.39
442,cabedelo,20,br,78,-6.97,-34.84,78.8,8.05
443,ca mau,64,vn,96,9.18,105.15,76.65,5.61
444,alexandria,1,us,29,38.81,-77.05,51.19,6.93
445,hualmay,32,pe,71,-11.1,-77.61,70.89,4.38
446,ileza,48,ru,75,61.05,43.9,-2.87,9.42
447,nikolskoye,0,ru,57,59.7,30.79,-10.92,6.17
448,morros,68,br,91,-2.87,-44.04,75.75,5.73
449,baherden,92,tm,100,38.44,57.43,50.01,3.27
450,roald,0,no,100,62.58,6.12,21.75,8.63
452,lashio,0,mm,88,22.93,97.75,49.65,1.81
453,kysyl-syr,24,ru,38,63.9,122.77,-25.32,2.93
454,masuguru,76,tz,95,-11.37,38.42,73.86,2.37
455,san joaquin,12,bo,69,-16.38,-58.39,81.78,6.06
456,pindiga,92,ng,32,9.98,10.93,86.64,5.39
457,biala podlaska,76,pl,68,52.03,23.12,7.71,15.01
458,singaparna,32,id,96,-7.35,108.11,67.02,1.25
459,cervo,92,es,100,43.67,-7.41,43.4,32.46
460,kattivakkam,32,in,100,13.22,80.32,73.05,4.94
461,tocopilla,20,cl,98,-22.09,-70.2,63.78,6.96
462,pella,1,us,42,41.41,-92.92,62.42,6.93
465,sitka,92,us,64,37.17,-99.65,57.17,12.55
466,santa maria,0,cv,99,16.6,-22.9,67.29,6.4
467,keta,0,gh,100,5.92,0.99,80.75,9.19
468,buta,76,cd,83,2.79,24.73,76.29,3.38
469,nuevo progreso,0,mx,49,17.14,-95.05,81.78,8.08
470,mogadishu,8,so,100,2.04,45.34,79.8,17.13
471,kindu,88,cd,100,-2.95,25.92,67.79,2.48
472,naryan-mar,80,ru,84,67.67,53.09,22.7,15.46
473,bourail,8,nc,66,-21.57,165.5,86.15,2.93
474,zonguldak,0,tr,98,41.25,31.83,35.43,5.61
475,shevchenkove,92,ua,85,49.7,37.18,12.35,20.04
476,kurchum,80,kz,80,48.57,83.65,14.6,2.48
477,buala,24,sb,78,-8.15,159.59,87.9,3.04
478,mezen,80,ru,77,65.85,44.24,13.74,6.17
479,naron,92,es,100,43.52,-8.15,45.96,37.71
480,crestview,1,us,44,30.76,-86.57,71.76,3.36
481,ambon,76,id,98,-3.7,128.18,82.64,4.38
482,havoysund,92,no,95,71,24.66,34.53,26.53
483,labuhan,32,id,90,-2.54,115.51,76.2,2.59
484,viedma,0,ar,70,-40.81,-62.99,62.16,8.41
485,port-gentil,20,ga,94,-0.72,8.78,77,2.24
486,opuwo,0,na,41,-18.06,13.84,64.32,4.61
487,cotonou,36,bj,88,6.37,2.43,78.99,5.84
488,matamoros,90,mx,15,25.53,-103.23,89.6,5.82
489,deer lake,88,ca,88,49.18,-57.43,22.65,2.93
490,kumluca,64,tr,100,36.37,30.29,33.14,0.92
491,porbandar,0,in,75,21.64,69.61,72.24,5.17
492,amazar,76,ru,69,53.86,120.88,-7.01,2.48
493,san pedro buenavista,20,mx,66,20.01,-97.11,84.2,11.41
494,rawson,0,ar,32,-43.3,-65.11,74.31,17.69
495,north platte,1,us,45,41.12,-100.77,48.2,6.93
496,del rio,0,us,56,29.36,-100.9,78.99,13.22
497,gagnoa,64,ci,77,6.13,-5.95,76.65,4.38
498,yar-sale,12,ru,65,66.83,70.83,-21.81,11.21
499,la ronge,76,ca,74,55.1,-105.3,27.06,5.39
501,rassvet,76,ru,82,49.11,45.47,6.36,14.23
502,iquique,0,cl,100,-20.22,-70.14,67.52,5.17
503,malm,0,no,87,64.07,11.22,2.72,5.95
504,saint-francois,75,gp,78,16.25,-61.27,73.4,8.3
505,avanigadda,0,in,88,16.02,80.92,67.65,2.71
506,sri aman,88,my,98,1.24,111.46,74.94,2.15
507,boyle,0,ie,90,53.97,-8.3,26.75,9.19
508,sechura,36,pe,63,-5.56,-80.82,80.39,16.24
509,azangaro,40,pe,62,-14.91,-70.2,53.6,8.05
511,aleksandrov gay,32,ru,75,50.14,48.57,0.65,12.88
512,san juan,40,us,54,26.19,-98.16,82.4,13.87
513,whitehorse,90,ca,85,60.72,-135.06,17.6,8.05
514,boundiali,48,ci,85,9.53,-6.48,71.7,7.74
515,laje,8,br,84,-13.18,-39.42,72.24,8.19
516,grand baie,40,mu,78,-20.02,57.58,80.6,8.05
517,jagdalpur,0,in,57,19.09,82.02,61.22,3.71
518,te anau,8,nz,80,-45.41,167.72,64.19,3.6
519,gannan,76,cn,70,47.92,123.49,6.95,6.06
521,sassenberg,68,de,79,51.99,8.04,18.96,10.98
522,muscat,44,om,100,23.6,58.55,69.45,0.92
523,son la,12,vn,96,21.32,103.9,53.52,1.59
524,sinnamary,68,gf,99,5.38,-52.96,77.73,8.75
525,sulangan,44,ph,100,11.14,123.72,80.7,14
526,scottsbluff,1,us,25,41.87,-103.67,53.6,4.7
527,channel-port aux basques,0,ca,100,47.57,-59.14,27.78,26.75
528,veraval,0,in,62,20.9,70.37,76.65,8.63
529,pevek,76,ru,93,69.7,170.27,1.1,16.91
530,nyurba,36,ru,65,63.29,118.35,-22.22,2.82
531,zhuhai,0,cn,63,40.71,112.04,26.07,7.4
533,chivilcoy,68,ar,44,-34.9,-60.02,77.82,5.5
534,baruun-urt,0,mn,71,46.68,113.28,6.36,19.71
535,atbasar,88,kz,89,51.81,68.36,18.96,8.41
536,lakhdenpokhya,0,ru,65,61.52,30.2,-13.8,5.73
537,kaoma,32,zm,97,-14.8,24.8,64.82,7.85
538,bambous virieux,40,mu,78,-20.34,57.76,80.6,8.05
539,jonuta,0,mx,36,18.08,-92.13,89.75,15.35
540,ust-nera,68,ru,72,64.57,143.24,-8.72,1.7
541,sunrise manor,76,us,73,36.21,-115.07,40.47,2.59
542,constitucion,75,mx,23,23.99,-104.67,75.2,18.34
543,rapid valley,0,us,73,44.06,-103.15,36.02,3.04
544,wahiawa,75,us,61,21.5,-158.02,79.27,8.05
545,tondano,64,id,91,1.3,124.91,76.56,0.58
546,phonhong,0,la,100,18.5,102.42,66.12,4.16
547,san luis,75,co,100,6.04,-74.99,65.71,4.7
549,formosa do rio preto,32,br,66,-11.04,-45.19,77.55,3.6
550,bima,12,id,98,-8.45,118.73,77.42,2.15
551,dodge city,1,us,25,37.75,-100.02,67.26,16.11
554,ashqelon,20,il,87,31.67,34.57,53.6,1.12
555,tank,48,pk,84,32.22,70.39,53.43,2.59
556,nsanje,92,mw,100,-16.92,35.26,71.79,3.6
557,geraldton,0,au,84,-28.77,114.6,69.99,14.67
558,nisia floresta,88,br,84,-6.09,-35.21,78.95,10.42
559,nara,12,ml,39,15.17,-7.29,79.8,5.95
560,quelimane,75,mz,94,-17.88,36.89,78.8,3.36
561,ulety,8,ru,59,51.36,112.48,-4.35,9.31
562,acapulco,5,mx,69,16.86,-99.88,82.4,11.41
563,hun,68,ly,31,29.13,15.95,62.97,7.07
564,caborca,0,mx,27,30.58,-111.1,59.19,17.02
565,dolores,8,ar,65,-36.31,-57.68,71.25,10.98
566,santa rosalia,75,mx,40,28.71,-111.6,71.6,16.11
567,vagay,80,ru,84,57.94,69.02,0.65,7.18
568,mountain home,75,us,40,43.13,-115.69,34.54,8.05
569,iskateley,80,ru,87,67.68,53.15,22.02,15.23
570,kampot,24,kh,94,10.62,104.18,74.76,2.93
571,keti bandar,44,pk,96,24.14,67.45,75.35,10.09
572,baghdad,88,iq,90,33.3,44.38,51.32,2.82
573,newport,1,us,69,41.49,-71.31,42.51,8.05
574,vestmannaeyjar,92,is,96,63.44,-20.27,42.5,6.73
575,celestun,0,mx,89,20.87,-90.4,80.52,20.38
576,westport,0,ie,100,53.8,-9.52,31.29,11.65
577,vao,0,nc,100,-22.67,167.48,79.85,5.61
578,gamba,88,ga,100,-2.72,10.02,75.3,3.49
579,micheweni,88,tz,100,-4.97,39.83,81.78,6.4
580,sao marcos,0,br,96,-28.97,-51.07,62.34,4.72
581,katherine,0,au,100,-14.47,132.26,80.7,4.61
583,port hedland,20,au,72,-20.31,118.58,84.12,1.59
584,ust-kuyga,68,ru,36,70,135.55,-24.29,3.04
585,leverkusen,0,de,66,51.03,6.99,10.64,8.75
586,coos bay,76,us,77,43.37,-124.22,45.87,3.71
587,ishigaki,92,jp,100,24.34,124.16,71.57,16.58
588,la florida,20,hn,38,14.11,-87.17,81.14,9.17
590,fortuna,1,us,46,40.6,-124.16,52.14,9.17
591,araouane,0,ml,41,18.9,-3.53,72.87,8.19
592,mitu,24,co,87,1.2,-70.17,78.99,2.26
594,port blair,12,in,100,11.67,92.75,83.09,8.19
595,aleksandrovsk-sakhalinskiy,8,ru,100,50.9,142.16,7.85,2.15
596,porto torres,64,it,95,40.84,8.4,35.43,2.37
597,bundaberg,64,au,100,-24.87,152.35,79.89,19.04
598,christchurch,68,nz,92,-43.53,172.64,63.69,11.77
599,millinocket,90,us,55,45.66,-68.71,35.6,4.7
600,patan,0,in,56,23.85,72.11,70.17,6.62
601,haimen,92,cn,92,31.87,121.18,54.92,12.1
602,inta,80,ru,79,66.04,60.13,4.83,4.72
604,trairi,8,br,97,-3.28,-39.27,83.22,15.57
605,zile,100,tr,96,40.3,35.89,35.25,3.27
606,tenenkou,64,ml,39,14.46,-4.91,81.51,8.75
607,sol-iletsk,12,ru,83,51.16,55,3.3,8.3
608,nalut,0,ly,89,31.86,10.98,50.37,3.6
609,takoradi,48,gh,100,4.89,-1.75,79.04,7.18
610,alihe,76,cn,68,50.57,123.73,1.05,2.82
611,okmulgee,92,us,98,35.62,-95.96,57.17,10.76
612,puerto rico,20,co,54,2.94,-73.21,82.59,3.6
613,sooke,76,ca,80,48.37,-123.73,43.08,8.19
614,deep river,88,ca,72,46.1,-77.49,42.09,9.75
615,erenhot,12,cn,83,43.65,111.97,19.59,14
616,mildura,0,au,49,-34.18,142.16,77.1,15.79
617,boffa,32,gn,66,10.18,-14.04,76.83,7.63
618,kamaishi,0,jp,74,39.28,141.86,34.71,5.39
619,coruripe,88,br,96,-10.12,-36.18,81.24,13.22
620,bardiyah,0,ly,87,31.76,25.09,59.55,13.89
621,tutoia,56,br,83,-2.76,-42.27,79.26,9.42
622,maiduguri,0,ng,55,11.84,13.15,80.43,3.94
623,varhaug,0,no,100,58.61,5.65,20.99,20.6
624,hagere hiywet,12,et,95,8.98,37.85,50.19,2.93
625,san ramon,75,bo,78,-13.27,-64.62,82.4,6.85
626,lira,0,ug,93,2.25,32.9,63.06,2.71
627,kazanka,64,ua,87,47.83,32.83,17.57,6.4
628,murliganj,12,in,91,25.9,86.99,60.81,2.71
629,coahuayana,0,mx,29,18.62,-100.35,83.94,2.93
630,praia da vitoria,92,pt,100,38.73,-27.07,57.84,21.05
631,san andres,80,gt,51,16.97,-89.92,82.1,2.71
632,udachnyy,36,ru,42,66.42,112.4,-27.89,2.48
633,messina,76,za,98,-22.35,30.04,66.66,5.06
635,charters towers,92,au,100,-20.07,146.27,74.4,4.94
636,amurzet,0,ru,52,47.7,131.1,0.47,2.59
637,moree,0,au,54,-29.46,149.84,78.63,9.19
638,sorong,36,id,100,-0.86,131.25,80.12,1.92
639,catuday,8,ph,93,16.29,119.81,79.67,6.85
640,netrakona,0,bd,90,24.88,90.72,62.3,3.27
641,las choapas,40,mx,78,17.91,-94.09,80.6,17.22
642,ntcheu,100,mw,97,-14.82,34.64,70.35,2.93
643,ritto,56,jp,59,35.04,135.98,44.97,1.59
644,nova olimpia,24,br,89,-14.8,-57.29,79.17,2.48
645,porto belo,75,br,88,-27.15,-48.54,73.26,10.29
646,nagato,92,jp,68,34.35,131.14,44.43,4.27
647,cockburn town,0,bs,100,24.03,-74.52,74.09,10.31
648,castlemaine,0,au,49,-37.07,144.22,73.68,12.55
649,ahlat,80,tr,92,38.75,42.49,29,2.15
650,dawei,0,mm,97,14.07,98.19,71.07,2.37
652,turukhansk,68,ru,54,65.8,87.96,-18.3,3.27
653,ormara,20,pk,91,25.21,64.64,69.59,4.72
654,terrasini,20,it,100,38.15,13.08,49.52,8.52
655,drayton valley,24,ca,69,53.22,-114.98,31.38,9.64
656,lazaro cardenas,90,mx,24,28.39,-105.62,71.6,21.92
657,elk point,0,ca,91,53.9,-110.9,27.78,10.31
659,rabaul,36,pg,100,-4.2,152.17,83,6.06
660,bhaderwah,88,in,66,32.98,75.72,39.03,1.48
661,college,90,us,92,64.86,-147.8,15.15,6.93
662,havre-saint-pierre,40,ca,100,50.23,-63.6,19.4,6.93
663,laem sing,0,th,95,12.48,102.07,73.77,3.83
664,vernon,1,us,31,41.84,-72.47,46.74,4.7
665,jalu,0,ly,36,29.03,21.55,60,11.43
666,mehamn,92,no,90,71.03,27.85,33.09,22.95
668,mitha tiwana,92,pk,82,32.24,72.11,56.58,2.71
670,adelaide,92,au,81,-34.93,138.6,68.37,16.46
672,coari,64,br,99,-4.09,-63.14,74.67,3.6
673,tabou,44,ci,95,4.42,-7.36,81.51,9.53
674,soyo,92,ao,98,-6.13,12.37,76.25,5.61
675,grand gaube,40,mu,78,-20.01,57.66,80.6,8.05
676,havre,1,us,73,48.55,-109.68,26.6,23.04
677,tabuk,0,sa,75,28.38,36.58,40.25,4.27
678,taksimo,48,ru,76,56.36,114.84,-9.57,2.04
679,lavrentiya,0,ru,100,65.58,-170.99,13.7,13
680,colborne,12,ca,77,44.01,-77.89,41.64,24.29
681,tanout,32,ne,30,14.97,8.88,72.87,10.42
682,atar,0,mr,40,20.52,-13.05,55.5,3.83
683,tadine,0,nc,92,-21.55,167.88,82.82,5.17
684,blagoveshchensk,36,ru,52,50.29,127.53,-4.08,3.6
685,severo-yeniseyskiy,48,ru,79,60.37,93.04,-12.9,2.48
686,erzin,0,ru,63,50.26,95.16,-17.09,2.04
687,sharjah,92,ae,100,25.36,55.39,67.07,15.01
688,la romana,40,do,88,18.43,-68.97,73.4,5.73
689,guantanamo,20,cu,74,20.14,-75.21,80.6,16.11
690,oum hadjer,0,td,55,13.3,19.7,71.16,2.93
693,changji,92,cn,100,32.07,116.17,49.56,12.55
694,deputatskiy,32,ru,60,69.3,139.9,-21.63,2.71
695,belmonte,20,br,92,-26.84,-53.58,70.26,4.94
696,carutapera,20,br,89,-1.2,-46.02,78.18,7.18
697,nueva imperial,0,cl,87,-38.75,-72.95,60.5,6.17
698,edd,0,er,91,13.93,41.69,67.74,2.48
699,neuquen,0,ar,48,-38.95,-68.06,74.27,4.94
700,batemans bay,0,au,83,-35.71,150.18,70.94,4.05
701,haripur,56,pk,89,33.99,72.93,44.34,3.94
703,toktogul,88,kg,100,41.87,72.95,28.95,1.81
704,vardo,36,no,100,70.37,31.11,28.68,27.87
705,la reforma,90,mx,50,25.08,-108.06,75.2,6.93
706,ishim,92,ru,85,56.11,69.47,2.76,10.76
707,shakawe,92,bw,96,-18.36,21.84,66.57,9.98
708,wembley,0,ca,77,55.15,-119.14,28.82,10.98
709,moussoro,0,td,33,13.64,16.49,80.97,10.65
710,gotsu,92,jp,81,35.01,132.22,43.85,4.16
711,troitskoye,68,ru,75,52.98,84.68,-0.26,7.18
712,balabac,76,ph,99,7.99,117.06,81.69,11.43
713,acayucan,40,mx,78,17.95,-94.91,80.6,17.22
714,khirkiya,0,in,58,22.17,76.86,61.4,5.95
715,hefei,92,cn,100,31.82,117.22,50.01,12.21
716,macau,0,br,56,-5.11,-36.64,84.03,14.67
718,talcahuano,0,cl,89,-36.72,-73.12,61.89,8.75
719,tuy hoa,92,vn,95,13.08,109.3,72.51,3.94
720,northam,0,au,57,-31.65,116.67,60.27,13.33
722,aguai,56,br,89,-22.06,-46.98,66.12,3.94
724,kushima,88,jp,100,31.5,131.29,58.7,9.19
725,puerto asis,32,co,70,0.51,-76.5,79.35,2.71
726,pyapon,0,mm,100,16.29,95.68,68.91,4.72
727,hambantota,32,lk,100,6.12,81.12,78.72,12.33
729,west wendover,44,us,64,40.74,-114.07,34.94,4.27
731,sumbe,80,ao,100,-11.2,13.84,77.6,6.96
732,wilmington,1,us,34,39.75,-75.55,49.05,9.17
733,sarai naurang,76,pk,80,32.83,70.78,55.64,3.38
734,guanare,12,ve,54,9.04,-69.74,82.77,8.75
735,dharchula,0,in,84,29.85,80.53,33.95,1.81
736,ponta delgada,48,pt,100,37.73,-25.67,59.01,5.73
737,biaora,0,in,73,23.92,76.91,58.7,2.82
738,comodoro rivadavia,0,ar,85,-45.87,-67.48,62.61,7.63
741,nuuk,0,gl,100,64.17,-51.74,-2.51,5.39
742,sambava,36,mg,100,-14.27,50.17,80.61,11.99
744,lixourion,92,gr,100,38.2,20.43,50.28,23.51
745,khuzhir,8,ru,68,53.19,107.35,-10.92,6.73
746,sikeston,1,us,45,36.88,-89.59,61.7,4.7
747,moron,44,mn,62,47.38,110.32,1.41,14.23
748,olinda,75,br,94,-22.82,-43.41,75.22,6.93
749,varias,56,ro,88,46.02,20.95,17.52,6.62
750,rockhampton,92,au,95,-23.38,150.51,78.18,13.22
751,galle,44,lk,100,6.04,80.22,75.66,5.28
752,lima,44,pe,74,-12.06,-77.04,62.84,2.15
753,mokhotlong,0,ls,90,-29.29,29.06,43.62,2.04
754,nouadhibou,32,mr,95,20.93,-17.03,57.57,8.08
755,pauini,0,br,90,-7.71,-67,78.27,2.37
756,berlevag,92,no,100,70.86,29.09,32.24,22.39
757,kwinana,0,au,97,-32.25,115.77,63.29,17.47
758,valle de allende,36,mx,20,26.94,-105.39,75.17,18.7
759,mercedes,56,ar,73,-29.18,-58.08,76.56,6.17
760,manokwari,32,id,100,-0.87,134.08,81.15,2.48
761,wewak,88,pg,100,-3.55,143.63,73.82,2.37
763,trencin,80,sk,70,48.89,18.04,12.8,3.6
764,tamandare,24,br,61,-8.28,-70.75,82.19,5.06
765,guangyuan,0,cn,91,32.43,105.86,35.43,2.15
766,la mana,75,ec,82,-0.93,-79.22,57.2,3.36
767,rovaniemi,8,fi,71,66.5,25.72,1.82,4.94
768,agua branca,20,br,91,-5.89,-42.63,74.13,3.94
769,alice,0,za,81,-32.79,26.83,49.2,2.48
770,zhigansk,12,ru,38,66.77,123.37,-25.14,3.83
771,greenwood,12,us,45,34.2,-82.16,53.52,4.38
772,poplar bluff,1,us,45,36.76,-90.39,62.6,4.7
773,panzhihua,0,cn,73,26.59,101.72,38.27,1.92
774,petropavlovsk-kamchatskiy,88,ru,85,53.05,158.65,24.09,9.42
775,nelson bay,0,au,100,-32.72,152.14,72.65,6.96
777,senanga,68,zm,99,-16.1,23.3,66.3,3.94
778,poronaysk,12,ru,71,49.22,143.1,8.43,3.94
779,pierre,8,us,91,44.37,-100.35,31.2,5.39
780,puerto escondido,5,mx,74,15.86,-97.07,82.4,9.17
782,tautira,36,pf,100,-17.73,-149.15,82.41,9.64
783,quatre cocos,40,mu,78,-20.21,57.76,80.6,8.05
784,sayyan,0,ye,87,15.17,44.32,44.43,1.25
785,dunda,56,tz,95,-8.12,34.25,64.68,3.15
786,la asuncion,0,ve,96,11.03,-63.86,76.74,15.23
787,marsa matruh,0,eg,74,31.35,27.25,42.9,2.59
788,kharovsk,44,ru,73,59.95,40.21,-5.97,9.42
789,turgoyak,44,ru,85,55.15,60.12,1.95,4.5
790,sinjar,92,iq,99,36.32,41.88,49.47,2.59
792,praya,80,id,100,-8.71,116.27,79.04,2.93
794,roros,12,no,64,62.57,11.38,-9.66,2.82
796,cubara,0,co,83,7,-72.11,71.39,1.59
797,sydney,0,au,81,-33.85,151.22,72.69,5.06
798,itarema,0,br,87,-2.92,-39.92,76.34,9.75
799,port augusta,0,au,46,-32.49,137.76,71.16,13.56
801,whitehaven,80,gb,94,54.55,-3.58,31.25,15.01
802,terra roxa,32,br,86,-20.79,-48.33,73.37,2.26
803,barcelos,56,br,95,-0.97,-62.93,75.21,2.82
804,roseburg,48,us,65,43.22,-123.34,44.34,2.71
805,mahalapye,32,bw,90,-23.11,26.83,61.4,2.59
806,achit,44,ru,81,56.8,57.9,3.66,10.42
807,surat,8,in,91,21.19,72.81,78.45,4.05
808,herat,76,af,82,34.35,62.22,43.67,2.71
809,omsukchan,8,ru,74,62.53,155.8,-8.54,1.92
811,atocha,0,bo,59,-20.93,-66.22,42.99,3.38
813,bonavista,92,ca,94,48.65,-53.11,30.44,18.48
814,natal,40,br,78,-5.81,-35.21,82.4,13.87
815,kyaikkami,0,mm,91,16.08,97.57,70.35,4.61
816,bukama,88,cd,99,-9.2,25.85,67.97,2.93
817,terenos,20,br,83,-20.44,-54.87,77,5.82
818,flagstaff,20,us,27,35.2,-111.65,44.01,14.99
819,la rioja,32,ar,62,-29.41,-66.86,75.48,2.37
820,corinto,40,ni,48,12.48,-87.17,87.8,4.7
821,sarandi,0,br,85,-27.94,-52.92,68.42,10.09
822,liepaja,8,lv,100,56.52,21.02,3.12,19.04
823,colares,92,pt,95,38.8,-9.45,57.39,27.09
824,sibolga,48,id,100,1.74,98.78,68.1,1.92
825,williamsburg,0,us,57,37.27,-76.71,44.43,5.73
826,port macquarie,0,au,87,-31.43,152.91,74.67,2.71
828,laramie,0,us,48,41.31,-105.59,32.28,9.31
829,manono,88,cd,99,-7.3,27.4,69.81,2.59
831,gillette,0,us,89,44.29,-105.5,19.32,3.15
832,viljoenskroon,0,za,85,-27.21,26.95,56.04,2.71
834,okhotsk,56,ru,98,59.36,143.24,11.09,3.71
835,mirnyy,32,ru,65,56.57,36.46,-8.4,11.1
836,axim,20,gh,100,4.87,-2.24,80.79,9.64
837,washington,1,us,27,38.9,-77.04,51.8,5.82
838,koslan,64,ru,84,63.46,48.9,3.3,4.72
839,yook,48,ph,100,13.23,121.96,79.08,4.16
840,townsville,92,au,100,-19.26,146.82,76.47,5.17
841,orel,0,ru,64,43.17,133.26,10.77,3.49
842,suba,80,ph,99,9.55,123.31,79.85,8.63
843,vikindu,64,tz,96,-6.98,39.3,74.45,2.48
844,hovd,8,mn,66,48.01,91.64,-3.86,2.71
845,kamiiso,56,jp,85,41.82,140.65,26.88,3.27
846,monrovia,8,lr,89,6.33,-10.8,74.4,5.73
847,beyneu,68,kz,95,45.32,55.19,28.14,3.6
848,mahibadhoo,92,mv,100,3.78,72.97,81.74,9.98
849,melfort,68,ca,88,52.87,-104.61,21.75,10.31
850,coxim,32,br,80,-18.5,-54.75,78.05,4.61
853,san jeronimo,75,mx,40,29.37,-110.79,71.6,16.11
854,sterling,1,us,25,39,-77.4,52.39,5.82
855,kompaniyivka,76,ua,89,48.25,32.21,15.81,6.62
856,verkhnevilyuysk,32,ru,35,63.45,120.31,-23.66,4.38
857,mount gambier,92,au,62,-37.83,140.78,66.66,13.22
858,stornoway,44,gb,100,58.21,-6.39,31.02,8.19
859,vestmanna,92,fo,100,62.16,-7.17,40.7,18.7
860,los llanos de aridane,92,es,100,28.66,-17.92,63.06,26.87
861,ouesso,92,cg,96,1.61,16.05,71.7,2.37
862,palora,36,ec,98,-1.7,-77.97,63.42,2.26
863,tukan,44,ru,76,53.84,57.45,1.59,3.15
864,resen,8,mk,100,41.09,21.01,28.05,6.96
865,ratnagiri,0,in,100,16.98,73.3,77.64,3.38
867,merrill,0,us,46,42.03,-121.6,35.16,3.6
868,kone,32,nc,66,-21.06,164.87,83.94,4.5
869,shushenskoye,8,ru,64,53.33,91.95,-8.76,5.06
870,sao filipe,0,cv,100,14.9,-24.5,68.15,6.29
871,kobelyaky,92,ua,85,49.15,34.2,15.63,16.02
872,kungurtug,0,ru,81,50.6,97.53,-9.44,4.16
873,egersund,20,no,100,58.45,6,23.24,33.24
874,methoni,48,gr,100,36.82,21.7,57.35,19.15
876,rahon,20,in,79,31.05,76.12,52.8,1.7
877,zhengjiatun,68,cn,82,43.51,123.51,14.69,10.42
878,sadon,88,ru,92,42.85,44,25.35,0.58
879,gimli,0,ca,82,50.63,-96.99,24.36,9.64
880,brigantine,1,us,45,39.41,-74.36,45.3,8.05
881,chambersburg,1,us,27,39.94,-77.66,51.87,8.05
882,diffa,0,ne,28,13.32,12.61,79.04,8.52
883,voyvozh,68,ru,67,62.89,54.96,-0.62,4.83
886,taltal,0,cl,75,-25.41,-70.49,58.2,2.59
887,basco,100,ph,100,20.45,121.97,75.48,15.68
888,katsuura,56,jp,77,33.93,134.5,45.51,1.48
889,fairfield,1,us,16,38.25,-122.04,58.15,16.35
890,piacabucu,36,br,80,-10.41,-36.43,78,8.75
891,belyy yar,36,ru,63,53.6,91.39,-8.54,3.15
892,merauke,80,id,100,-8.49,140.4,79.26,6.06
893,south valley,1,us,6,35.01,-106.68,60.8,29.97
894,libenge,36,cd,90,3.65,18.64,74.76,4.61
895,jawa,20,jo,100,31.85,35.94,42.5,2.26
896,mikhaylovka,20,ru,68,52.96,103.29,-10.34,2.82
898,paamiut,0,gl,97,61.99,-49.67,24.5,14.12
899,zhob,64,pk,93,31.34,69.45,42.05,2.71
900,upata,88,ve,61,8.02,-62.41,79.17,7.85
901,misasi,68,tz,100,-3.01,33.09,67.07,6.4
902,yanam,0,in,79,16.73,82.22,67.79,3.6
903,baneh,92,ir,96,35.99,45.88,38.31,0.58
904,mbandaka,20,cd,100,0.05,18.26,70.49,3.38
905,massakory,0,td,31,13,15.73,81.65,11.21
906,ugoofaaru,92,mv,100,5.67,73,81.02,11.88
907,la paz,90,mx,46,24.15,-110.32,71.6,12.75
908,gaogou,92,cn,100,31.12,117.94,52.62,15.23
909,olden,0,no,80,61.84,6.81,-2.64,1.7
910,dunedin,0,nz,85,-45.87,170.5,63.02,3.94
912,gambela,0,et,86,8.25,34.59,58.25,3.38
913,palmer,1,us,62,61.6,-149.11,22.15,2.82
914,fare,56,pf,96,-16.7,-151.02,83.27,12.33
915,benjamin hill,12,mx,31,30.17,-111.1,60.36,17.69
916,ngerengere,88,tz,89,-6.76,38.13,78.32,2.93
917,alice springs,0,au,22,-23.7,133.88,86.91,5.17
918,adeje,92,es,100,28.12,-16.73,61.26,15.46
919,nuqui,48,co,100,5.71,-77.27,77.64,3.71
921,luanda,75,ao,83,-8.83,13.24,80.6,4.7
922,banda aceh,0,id,100,5.56,95.32,71.75,1.92
923,ternate,8,id,100,0.8,127.4,81.65,6.06
924,narrabri,0,au,59,-30.33,149.78,78.18,1.7
925,north myrtle beach,1,us,58,33.83,-78.68,53.6,16.46
926,shenjiamen,92,cn,93,29.96,122.3,54.47,21.72
928,bennington,1,us,60,42.88,-73.2,43.93,4.16
929,vostok,48,ru,80,46.45,135.83,5.28,2.93
930,bayan,64,kw,100,29.3,48.05,59.46,2.93
931,killybegs,44,ie,100,54.63,-8.45,31.83,13.44
932,bertinoro,24,it,65,44.15,12.13,20.45,1.7
933,mindelo,0,cv,100,16.89,-24.98,67.79,10.65
934,mount isa,0,au,34,-20.73,139.49,91.23,4.61
935,castrillon,92,es,82,43.4,-6.79,27.2,2.15
936,ingraj bazar,0,in,89,25,88.15,60.77,2.82
938,yakeshi,76,cn,74,49.28,120.73,6.27,11.21
940,luderitz,0,na,87,-26.65,15.16,60.8,10.29
941,sucua,24,ec,81,-2.46,-78.17,68.64,3.83
942,manakara,44,mg,95,-22.14,48.01,79.62,7.74
944,boca do acre,0,br,84,-8.76,-67.39,77.82,2.93
945,jumla,0,np,97,29.28,82.18,20.72,2.26
946,san jose,80,gt,51,16.98,-89.9,82.1,2.71
947,wamba,68,cd,100,2.14,27.99,65.31,1.59
948,lumby,8,ca,51,50.25,-118.97,30.17,1.92
950,tres passos,20,br,86,-27.46,-53.93,72.69,6.4
952,khandyga,64,ru,62,62.65,135.58,-21.59,2.93
954,hattiesburg,90,us,60,31.33,-89.29,72.86,4.7
955,ust-maya,64,ru,64,60.42,134.54,-22.22,2.37
956,eufaula,1,us,77,31.89,-85.15,62.19,6.93
957,mecca,0,sa,84,21.43,39.83,57.35,2.15
959,la union,0,cl,46,-40.28,-73.08,68.82,5.95
960,pilar,76,ph,89,17.42,120.6,72.15,4.05
961,thibodaux,90,us,94,29.8,-90.82,72.97,6.93
962,kununurra,12,au,82,-15.77,128.74,84.35,4.61
963,pangai,76,to,100,-19.8,-174.35,82.5,10.2
965,ixtapa,40,mx,73,20.71,-105.21,77,13.87
967,kuruman,32,za,66,-27.46,23.43,67.38,4.05
968,tupik,56,ru,72,54.43,119.94,-12.27,2.48
969,arkadelphia,90,us,87,34.12,-93.05,61.47,8.05
970,san isidro,20,ph,100,11.41,124.35,80.39,13.11
971,nishihara,24,jp,81,35.74,139.53,45.47,6.17
973,nueva italia de ruiz,20,mx,53,19.02,-102.1,75.2,11.41
974,goianesia,32,br,99,-15.32,-49.12,66.93,2.15
975,halifax,0,ca,98,44.65,-63.58,35.7,14.67
976,karangampel,8,id,100,-6.46,108.44,77.6,5.95
977,kawardha,0,in,66,22.01,81.23,55.86,3.71
979,vanimo,92,pg,100,-2.67,141.3,78.05,6.4
981,teya,48,ru,62,60.37,92.63,-13.98,2.48
982,okato,88,nz,94,-39.19,173.88,69.72,19.04
983,shetpe,44,kz,95,44.14,52.16,31.52,5.95
984,pitimbu,20,br,78,-7.47,-34.81,78.8,8.05
985,flin flon,8,ca,68,54.77,-101.88,22.74,7.63
986,neuruppin,0,de,74,52.92,12.81,8.57,11.43
987,waddan,68,ly,31,29.16,16.14,62.97,7.07
988,kulhudhuffushi,48,mv,100,6.62,73.07,82.05,15.68
989,makakilo city,20,us,54,21.35,-158.09,79.23,9.17
990,hungund,0,in,48,16.07,76.05,60.99,4.5
991,santa fe,12,ar,71,-31.62,-60.7,75.12,4.38
992,pedasi,0,pa,91,7.53,-80.03,78.99,18.03
993,ahome,92,mx,50,25.92,-109.18,69.99,7.63
994,bordighera,88,it,100,43.79,7.66,32.82,12.21
995,hay river,0,ca,77,60.82,-115.79,15.63,4.5
996,puerto maldonado,75,pe,100,-12.59,-69.19,75.2,2.24
997,sangmelima,76,cm,96,2.93,11.98,65.67,2.04
998,altay,64,cn,63,47.83,88.13,4.74,2.04
999,victoria point,0,au,100,-27.58,153.3,77.69,12.44
